timestamp,price,amount,side
1780946976.777,0.02656,0.2746,buy
1780946992.201,0.02656,0.012,buy
1780947022.272,0.02657,0.069,buy
1780947022.413,0.02657,0.008,buy
1780947045.305,0.02656,0.0088,sell
1780947068.854,0.02657,0.1676,buy
1780947068.961,0.02657,0.008,buy
1780947086.277,0.02657,0.008,buy
1780947086.764,0.02658,0.0072,buy
1780947125.499,0.02658,0.7,buy
1780947125.51,0.02658,4.0204,buy
1780947132.903,0.02658,0.0174,buy
1780947132.908,0.02658,0.0086,buy
1780947132.915,0.02658,0.008,buy
1780947132.922,0.02658,0.4675,buy
1780947132.941,0.02658,0.008,buy
1780947133.005,0.02658,0.008,buy
1780947133.015,0.02658,0.4734,buy
1780947133.018,0.02658,0.004,buy
1780947133.018,0.02658,0.004,buy
1780947133.018,0.02658,0.004,buy
1780947133.02,0.02658,0.008,buy
1780947133.027,0.02658,0.1654,buy
1780947133.033,0.02658,1.7774,buy
1780947133.039,0.02658,0.008,buy
1780947133.043,0.02658,0.012,buy
1780947145.643,0.02658,0.8671,sell
1780947145.645,0.02658,0.024,sell
1780947156.079,0.02658,0.5125,buy
1780947156.105,0.02658,0.008,buy
1780947156.112,0.02658,0.4515,buy
1780947156.118,0.02658,0.008,buy
1780947156.125,0.02658,0.4031,buy
1780947158.719,0.02658,0.0079,buy
1780947213.217,0.02658,1.8762,buy
1780947213.217,0.02658,0.004,buy
1780947242.627,0.02659,0.092,buy
1780947260.612,0.02659,0.0089,buy
1780947348.964,0.02658,0.3008,sell
1780947358.378,0.02658,0.0265,sell
1780947379.854,0.02658,7.2898,sell
1780947382.59,0.02658,0.0298,buy
1780947382.605,0.02658,0.006,buy
1780947388.69,0.02658,0.1861,buy
1780947388.7,0.02658,0.0424,buy
1780947388.707,0.02658,0.4024,buy
1780947389.035,0.02658,0.008,buy
1780947389.036,0.02658,0.004,buy
1780947411.155,0.02659,0.3693,buy
1780947411.349,0.02659,0.0575,buy
1780947411.356,0.02659,0.1123,buy
1780947411.809,0.02659,0.008,buy
1780947411.815,0.02659,0.1844,buy
1780947411.821,0.02659,0.2944,buy
1780947428.006,0.02659,0.0446,buy
1780947472.824,0.02659,0.2814,sell
1780947494.731,0.02659,0.0375,sell
1780947508.589,0.02659,0.2875,sell
1780947512.608,0.0266,0.0581,buy
1780947525.864,0.02659,1.5794,sell
1780947531.775,0.02659,0.016,sell
1780947531.778,0.02659,0.012,sell
1780947531.782,0.02658,0.055,sell
1780947558.146,0.02659,0.0086,buy
1780947572.728,0.02659,1.3432,buy
1780947573.032,0.02659,0.008,buy
1780947573.074,0.02659,0.008,buy
1780947573.081,0.02659,0.1425,buy
1780947573.285,0.02659,0.012,buy
1780947596.175,0.0266,0.0049,buy
1780947611.458,0.02659,0.4,sell
1780947611.462,0.02659,0.434,sell
1780947611.462,0.02659,0.366,sell
1780947611.879,0.02659,0.4,sell
1780947612.638,0.02659,0.024,sell
1780947612.641,0.02659,0.024,sell
1780947624.698,0.02658,0.032,sell
1780947624.717,0.02657,0.4,sell
1780947624.821,0.02657,0.4,sell
1780947624.87,0.02657,0.032,sell
1780947624.87,0.02656,0.368,sell
1780947627.363,0.02657,0.009,buy
1780947629.938,0.02657,0.0054,buy
1780947633.185,0.02657,0.032,buy
1780947633.552,0.02657,0.008,buy
1780947633.559,0.02657,0.1641,buy
1780947636.736,0.02657,0.008,buy
1780947640.049,0.02657,0.008,buy
1780947640.056,0.02657,0.1235,buy
1780947640.161,0.02657,0.008,buy
1780947640.174,0.02657,6.4315,buy
1780947640.421,0.02657,0.008,buy
1780947640.43,0.02657,0.0086,buy
1780947640.436,0.02657,0.0086,buy
1780947640.444,0.02657,0.0086,buy
1780947640.45,0.02657,0.0086,buy
1780947643.046,0.02657,0.008,buy
1780947643.59,0.02657,0.008,buy
1780947643.597,0.02657,0.1361,buy
1780947643.848,0.02657,0.008,buy
1780947643.879,0.02657,0.008,buy
1780947643.886,0.02657,0.4113,buy
1780947643.892,0.02657,0.008,buy
1780947643.898,0.02657,0.0877,buy
1780947643.904,0.02657,0.008,buy
1780947643.91,0.02657,0.455,buy
1780947643.916,0.02657,0.0997,buy
1780947643.922,0.02657,0.3509,buy
1780947643.924,0.02657,0.012,buy
1780947654.514,0.02658,0.012,buy
1780947654.514,0.02659,0.0056,buy
1780947679.317,0.02658,0.7267,sell
1780947699.859,0.02659,1.4226,buy
1780947699.859,0.02659,0.1962,buy
1780947723.956,0.0266,0.0711,buy
1780947730.114,0.0266,0.0353,buy
1780947759.093,0.0266,0.0216,sell
1780947791.47,0.02661,0.0157,buy
1780947883.031,0.02661,0.0088,buy
1780947883.038,0.02661,0.0088,buy
1780947883.044,0.02661,0.0088,buy
1780947883.05,0.02661,0.12,buy
1780947883.056,0.02661,0.0088,buy
1780947883.06,0.02661,0.6139,buy
1780947954.594,0.02661,0.0565,sell
1780947977.604,0.0266,0.0123,sell
1780948040.738,0.0266,0.0919,sell
1780948045.646,0.0266,0.0361,buy
1780948056.502,0.02659,0.0717,sell
1780948075.043,0.0266,2.021,buy
1780948075.043,0.0266,1.3989,buy
1780948075.044,0.0266,1.1414,buy
1780948075.05,0.02661,0.4,buy
1780948075.103,0.02661,0.4,buy
1780948081.616,0.0266,1.2396,sell
1780948081.616,0.0266,0.1608,sell
1780948145.633,0.02659,0.032,sell
1780948176.144,0.02659,0.0046,buy
1780948200.084,0.02659,1.447,buy
1780948200.125,0.02659,0.0567,buy
1780948203.197,0.02659,0.034,sell
1780948211.07,0.02659,0.028,sell
1780948211.1,0.02658,0.4,sell
1780948224.46,0.02658,0.024,sell
1780948224.471,0.02658,0.016,sell
1780948290.068,0.02658,0.028,buy
1780948290.075,0.02658,0.1098,buy
1780948290.243,0.02658,0.016,buy
1780948290.574,0.02658,0.016,buy
1780948290.622,0.02658,0.016,buy
1780948290.935,0.02658,0.016,buy
1780948291.084,0.02658,0.0088,buy
1780948291.091,0.02658,0.0088,buy
1780948291.096,0.02658,0.0144,buy
1780948291.102,0.02658,0.578,buy
1780948291.109,0.02658,0.0088,buy
1780948291.116,0.02658,0.0088,buy
1780948291.122,0.02658,0.0088,buy
1780948291.128,0.02658,0.0088,buy
1780948291.135,0.02658,0.0088,buy
1780948291.142,0.02658,0.0088,buy
1780948291.148,0.02658,0.0088,buy
1780948291.155,0.02658,0.0088,buy
1780948291.162,0.02658,0.0088,buy
1780948291.169,0.02658,0.0088,buy
1780948291.176,0.02658,0.0088,buy
1780948291.183,0.02658,0.0088,buy
1780948291.19,0.02658,0.0088,buy
1780948291.194,0.02658,0.0184,buy
1780948309.923,0.02658,0.0148,sell
1780948326.33,0.02659,0.0088,buy
1780948327.705,0.02659,0.0477,buy
1780948327.705,0.02659,0.008,buy
1780948327.757,0.0266,0.635,buy
1780948327.79,0.0266,0.012,buy
1780948327.794,0.0266,0.012,buy
1780948330.359,0.0266,0.0075,buy
1780948339.997,0.0266,0.0119,buy
1780948340.692,0.0266,0.0161,buy
1780948350.209,0.0266,0.5013,buy
1780948353.388,0.02659,1.3399,sell
1780948369.914,0.0266,0.0192,buy
1780948373.911,0.02659,0.0593,sell
1780948398.929,0.02659,0.1327,sell
1780948436.282,0.02659,0.071,sell
1780948438.071,0.0266,0.1367,buy
1780948440.675,0.02659,0.0209,sell
1780948458.204,0.02659,0.0058,sell
1780948460.073,0.02659,1.4947,sell
1780948525.063,0.02658,0.1019,sell
1780948525.07,0.02658,1.7787,sell
1780948529.334,0.02658,0.012,buy
1780948575.696,0.02658,0.006,buy
1780948614.079,0.02658,0.012,buy
1780948667.017,0.02657,7.3098,sell
1780948676.486,0.02656,2.5695,sell
1780948676.492,0.02656,10.5473,sell
1780948676.509,0.02656,0.0917,sell
1780948695.791,0.02656,0.0129,buy
1780948698.342,0.02656,0.2175,buy
1780948699.74,0.02656,0.0928,buy
1780948701.291,0.02656,1.9377,buy
1780948701.404,0.02657,0.0115,buy
1780948702.219,0.02657,0.009,buy
1780948728.453,0.02657,0.4283,buy
1780948730.614,0.02658,0.0168,buy
1780948768.527,0.02658,0.0407,buy
1780948788.788,0.02659,0.0428,buy
1780948819.736,0.02658,1.3774,sell
1780948821.509,0.02658,0.016,sell
1780948821.813,0.02658,0.016,sell
1780948821.892,0.02658,0.02,sell
1780948834.724,0.02657,0.11,sell
1780948856.964,0.02658,0.029,buy
1780948899.125,0.02658,0.0106,buy
1780948911.922,0.02658,0.0122,buy
1780948912.353,0.02658,0.0486,buy
1780948912.357,0.02658,0.024,buy
1780948912.359,0.02659,0.1117,buy
1780948920.538,0.02659,0.032,buy
1780948930.075,0.0266,0.2039,buy
1780948935.465,0.0266,0.0119,buy
1780948936.011,0.0266,0.0639,buy
1780948937.224,0.02661,0.089,buy
1780948940.595,0.0266,0.0098,sell
1780948969.913,0.02661,0.0145,buy
1780948997.644,0.0266,0.0078,sell
1780949023.864,0.02661,0.007,buy
1780949028.197,0.02661,0.0086,buy
1780949034.261,0.02661,0.0981,buy
1780949034.325,0.02661,0.1542,buy
1780949034.406,0.02661,0.016,buy
1780949034.481,0.02661,0.2006,buy
1780949034.539,0.02661,0.016,buy
1780949034.552,0.02661,0.4391,buy
1780949034.616,0.02661,0.016,buy
1780949034.623,0.02661,0.6009,buy
1780949034.656,0.02661,0.016,buy
1780949034.663,0.02661,1.2599,buy
1780949040.513,0.02661,0.0086,buy
1780949040.522,0.02661,0.0086,buy
1780949040.53,0.02661,0.0313,buy
1780949040.537,0.02661,0.3213,buy
1780949040.544,0.02661,0.0086,buy
1780949040.55,0.02661,0.0154,buy
1780949040.557,0.02661,0.2871,buy
1780949040.564,0.02661,0.009,buy
1780949040.573,0.02661,0.0086,buy
1780949040.794,0.02661,0.0088,buy
1780949043.484,0.02661,0.0086,buy
1780949048.594,0.02661,0.0105,buy
1780949053.552,0.02661,0.2399,buy
1780949056.605,0.02661,0.0297,buy
1780949057.03,0.0266,0.1239,sell
1780949057.502,0.02661,0.006,buy
1780949059.802,0.02661,0.1175,buy
1780949060.002,0.02661,0.0089,buy
1780949061.085,0.02661,0.0037,buy
1780949075.612,0.02661,0.0456,buy
1780949075.619,0.02661,0.016,buy
1780949075.626,0.02661,0.0094,buy
1780949075.684,0.02661,0.0086,buy
1780949075.686,0.02661,0.0086,buy
1780949075.692,0.02661,0.016,buy
1780949075.698,0.02661,0.0086,buy
1780949075.703,0.02661,0.0086,buy
1780949075.711,0.02661,0.0086,buy
1780949075.874,0.02661,0.016,buy
1780949075.881,0.02661,0.1415,buy
1780949075.888,0.02661,0.1739,buy
1780949075.895,0.02661,0.3175,buy
1780949075.903,0.02661,0.0086,buy
1780949075.906,0.02661,0.0073,buy
1780949075.906,0.02661,0.0073,buy
1780949075.906,0.02661,0.0073,buy
1780949075.911,0.02661,0.1072,buy
1780949075.918,0.02661,0.2356,buy
1780949075.924,0.02661,0.009,buy
1780949075.931,0.02661,0.6523,buy
1780949075.939,0.02661,0.009,buy
1780949075.947,0.02661,0.0088,buy
1780949076.063,0.02661,0.0158,buy
1780949077.128,0.02661,0.0169,buy
1780949077.129,0.02661,0.011,buy
1780949077.129,0.02661,0.0134,buy
1780949079.174,0.02661,0.0214,buy
1780949079.178,0.02661,0.0214,buy
1780949079.185,0.02661,0.2099,buy
1780949079.483,0.02661,0.016,buy
1780949080.054,0.02661,0.016,buy
1780949083.093,0.02661,0.0088,buy
1780949083.1,0.02661,0.0247,buy
1780949083.107,0.02661,0.4548,buy
1780949083.114,0.02661,0.0088,buy
1780949083.121,0.02661,0.0152,buy
1780949083.128,0.02661,0.4115,buy
1780949083.135,0.02661,0.0088,buy
1780949083.142,0.02661,0.0088,buy
1780949083.149,0.02661,0.0088,buy
1780949083.156,0.02661,0.0088,buy
1780949083.163,0.02661,0.0088,buy
1780949083.17,0.02661,0.016,buy
1780949083.176,0.02661,0.0088,buy
1780949083.183,0.02661,0.0088,buy
1780949083.19,0.02661,0.0088,buy
1780949083.197,0.02661,0.0088,buy
1780949083.205,0.02661,0.0088,buy
1780949083.212,0.02661,0.0088,buy
1780949083.219,0.02661,0.0088,buy
1780949083.226,0.02661,0.0088,buy
1780949083.232,0.02661,0.0088,buy
1780949083.239,0.02661,0.0088,buy
1780949083.246,0.02661,0.0088,buy
1780949083.253,0.02661,0.0088,buy
1780949083.26,0.02661,0.0088,buy
1780949083.267,0.02661,0.0088,buy
1780949083.273,0.02661,0.0088,buy
1780949083.28,0.02661,0.0088,buy
1780949083.288,0.02661,0.0088,buy
1780949083.296,0.02661,0.0088,buy
1780949083.303,0.02661,0.0088,buy
1780949083.31,0.02661,0.0088,buy
1780949083.317,0.02661,0.0088,buy
1780949083.328,0.02661,0.0088,buy
1780949083.335,0.02661,0.0088,buy
1780949083.342,0.02661,0.0088,buy
1780949083.349,0.02661,0.0088,buy
1780949083.356,0.02661,0.0088,buy
1780949083.363,0.02661,0.0088,buy
1780949083.37,0.02661,0.0088,buy
1780949083.376,0.02661,0.0088,buy
1780949083.383,0.02661,0.0088,buy
1780949083.389,0.02661,0.0088,buy
1780949083.395,0.02661,0.0088,buy
1780949083.402,0.02661,0.0088,buy
1780949083.409,0.02661,0.0088,buy
1780949083.416,0.02661,0.0088,buy
1780949083.487,0.02661,0.076,buy
1780949087.119,0.02661,0.0303,buy
1780949087.119,0.02662,0.0745,buy
1780949089.713,0.02662,0.017,buy
1780949101.859,0.02661,1.7783,sell
1780949135.357,0.02662,0.0112,buy
1780949142.641,0.02662,0.029,buy
1780949150.766,0.02662,0.0762,buy
1780949152.593,0.02661,0.0094,sell
1780949166.494,0.02662,0.1603,buy
1780949166.598,0.02662,0.1,buy
1780949166.61,0.02662,0.0649,buy
1780949176.418,0.02663,0.1185,buy
1780949176.837,0.02663,0.006,buy
1780949177.302,0.02663,0.006,buy
1780949177.424,0.02663,0.0149,buy
1780949177.624,0.02663,0.019,buy
1780949178.495,0.02663,0.0059,buy
1780949179.405,0.02663,0.006,buy
1780949209.906,0.02662,0.032,sell
1780949209.914,0.02662,0.0054,buy
1780949254.026,0.02661,0.0266,sell
1780949257.843,0.02661,0.0239,buy
1780949257.849,0.02661,0.008,buy
1780949257.856,0.02661,0.0201,buy
1780949257.856,0.02662,0.228,buy
1780949257.862,0.02662,0.012,buy
1780949263.227,0.02662,0.0516,buy
1780949280.948,0.02661,2.8628,sell
1780949298.694,0.02661,0.0072,sell
1780949327.845,0.02661,0.0138,sell
1780949370.722,0.02661,0.6047,sell
1780949400.565,0.02661,0.028,sell
1780949431.274,0.02661,0.0594,buy
1780949432.29,0.02661,0.006,buy
1780949454.714,0.0266,0.0047,sell
1780949469.403,0.0266,0.0122,sell
1780949562.43,0.0266,0.075,sell
1780949566.412,0.0266,0.3487,sell
1780949566.895,0.02661,7.3836,buy
1780949566.905,0.02661,5.5324,buy
1780949566.919,0.02661,0.292,buy
1780949566.931,0.02661,4.1349,buy
1780949566.94,0.02662,1.4121,buy
1780949567.258,0.02662,0.8864,buy
1780949567.258,0.02662,0.249,buy
1780949567.259,0.02662,0.2251,buy
1780949567.259,0.02662,0.4883,buy
1780949567.26,0.02662,0.4742,buy
1780949569.183,0.02661,0.024,sell
1780949569.191,0.02661,0.012,sell
1780949570.614,0.02661,0.0052,buy
1780949571.253,0.02661,0.009,buy
1780949584.891,0.02661,0.024,buy
1780949585.119,0.02661,0.0089,buy
1780949585.122,0.02661,0.0231,buy
1780949590.077,0.02661,0.0533,sell
1780949591.392,0.02661,0.012,sell
1780949613.035,0.02661,0.224,buy
1780949651.014,0.02661,0.0124,buy
1780949656.817,0.02661,0.0119,buy
1780949657.507,0.02661,0.0238,buy
1780949658.974,0.02661,0.0298,buy
1780949677.974,0.0266,0.032,sell
1780949677.974,0.02659,0.368,sell
1780949688.613,0.0266,0.0225,buy
1780949692.186,0.0266,1.3327,buy
1780949692.188,0.0266,0.02,buy
1780949765.132,0.02661,0.032,buy
1780949777.89,0.02662,0.0891,buy
1780949778.977,0.02661,0.207,sell
1780949779.325,0.02662,0.0149,buy
1780949809.313,0.02662,0.0069,buy
1780949840.424,0.02661,0.024,sell
1780949840.43,0.0266,0.0142,sell
1780949859.65,0.0266,0.0372,sell
1780949896.874,0.0266,0.009,buy
1780949897.018,0.0266,0.0066,buy
1780949951.081,0.02659,0.0038,sell
1780949971.604,0.02659,0.0666,sell
1780949974.685,0.02659,0.1567,sell
1780949974.687,0.02659,0.8497,sell
1780950025.079,0.02659,8.9207,buy
1780950028.195,0.02659,0.006,buy
1780950030.404,0.02659,0.0298,buy
1780950032.545,0.02659,2.4788,buy
1780950051.914,0.02659,0.0235,buy
1780950051.916,0.02659,0.0165,buy
1780950075.5,0.02659,1.3422,sell
1780950121.236,0.0266,0.024,buy
1780950125.909,0.0266,0.016,buy
1780950126.432,0.0266,0.016,buy
1780950126.439,0.0266,0.165,buy
1780950127.19,0.0266,0.016,buy
1780950127.194,0.0266,0.02,buy
1780950135.726,0.02661,0.006,buy
1780950138.437,0.02661,0.006,buy
1780950140.725,0.0266,8.9093,sell
1780950140.787,0.0266,0.2965,sell
1780950140.796,0.0266,0.2965,sell
1780950140.801,0.0266,0.3174,sell
1780950144.666,0.02661,2.486,buy
1780950144.666,0.02661,0.6102,buy
1780950144.99,0.02661,0.024,buy
1780950165.703,0.02662,8.7666,buy
1780950186.025,0.02662,0.028,buy
1780950222.822,0.02662,0.0119,sell
1780950243.219,0.02662,0.09,sell
1780950257.802,0.02663,0.1069,buy
1780950278.161,0.02663,0.0111,buy
1780950278.162,0.02663,0.0169,buy
1780950278.162,0.02663,0.1596,buy
1780950278.162,0.02663,0.0522,buy
1780950278.162,0.02663,0.0134,buy
1780950288.562,0.02663,0.0086,buy
1780950288.574,0.02663,0.1603,buy
1780950288.581,0.02663,0.0398,buy
1780950288.585,0.02663,0.0526,buy
1780950288.588,0.02664,0.0486,buy
1780950288.622,0.02663,0.0374,sell
1780950290.415,0.02664,0.0218,buy
1780950299.831,0.02664,0.4785,buy
1780950308.99,0.02664,0.0594,buy
1780950316.285,0.02663,0.0593,sell
1780950323.601,0.02664,0.1993,buy
1780950342.194,0.02664,0.006,buy
1780950391.925,0.02663,2.0163,sell
1780950391.931,0.02663,1.1882,sell
1780950391.932,0.02663,4.8696,sell
1780950426.144,0.02662,0.7004,sell
1780950446.108,0.02662,0.7844,sell
1780950452.852,0.02662,0.0462,sell
1780950452.855,0.02661,0.7861,sell
1780950452.862,0.02661,0.7717,sell
1780950452.872,0.02661,5.035,sell
1780950459.004,0.0266,4.1533,sell
1780950496.636,0.02661,0.0179,buy
1780950499.603,0.02661,0.006,buy
1780950533.13,0.02661,0.1153,buy
1780950555.128,0.0266,0.8,sell
1780950556.443,0.0266,0.032,sell
1780950581.901,0.02659,1.9145,sell
1780950581.902,0.02658,0.4,sell
1780950654.114,0.02659,0.0056,buy
1780950686.577,0.02659,0.032,buy
1780950738.842,0.0266,0.0179,buy
1780950763.166,0.0266,1.6735,buy
1780950768.714,0.02661,0.0233,buy
1780950855.92,0.02661,0.009,buy
1780950856.803,0.02661,0.006,buy
1780950858.604,0.02661,0.0048,buy
1780950858.664,0.02661,0.009,buy
1780950891.191,0.02661,1.2413,buy
1780950906.931,0.02662,0.0464,buy
1780950966.759,0.02663,1.2797,buy
1780950966.76,0.02663,0.121,buy
1780950970.79,0.02663,0.0039,sell
1780951033.468,0.02663,0.032,sell
1780951095.864,0.02663,0.0297,buy
1780951102.842,0.02662,0.4,sell
1780951134.014,0.02662,0.0078,sell
1780951155.472,0.02662,0.032,sell
1780951186.151,0.02662,0.032,buy
1780951218.522,0.02663,0.024,buy
1780951218.529,0.02663,0.0688,buy
1780951224.42,0.02662,0.0449,sell
1780951225.721,0.02663,0.0048,buy
1780951226.19,0.02663,0.0232,buy
1780951226.19,0.02664,0.0065,buy
1780951231.999,0.02663,1.4547,sell
1780951243.988,0.02664,0.1,buy
1780951245.948,0.02663,0.0223,sell
1780951253.013,0.02664,0.0086,buy
1780951253.488,0.02663,0.8757,sell
1780951262.357,0.02663,2.0762,sell
1780951272.019,0.02663,0.4435,sell
1780951280.583,0.02663,0.5544,sell
1780951287.05,0.02663,0.4939,sell
1780951313.277,0.02664,0.0091,buy
1780951317.825,0.02663,0.016,sell
1780951322.324,0.02662,0.006,sell
1780951325.317,0.02662,0.0973,sell
1780951333.21,0.02662,0.3358,buy
1780951451.58,0.02661,0.0067,sell
1780951456.564,0.02662,0.0297,buy
1780951457.837,0.02662,0.0048,buy
1780951609.818,0.02661,0.7706,sell
1780951785.506,0.02661,0.0445,sell
1780951836.189,0.0266,0.1451,sell
1780951864.018,0.0266,0.35,sell
1780951961.46,0.0266,0.0827,sell
1780951973.494,0.0266,0.0424,buy
1780952011.911,0.0266,0.2222,buy
1780952011.911,0.0266,0.2222,buy
1780952011.919,0.0266,0.0082,buy
1780952014.033,0.0266,0.0101,buy
1780952014.212,0.0266,0.0502,buy
1780952056.26,0.02661,1.6658,buy
1780952058.037,0.02661,0.006,buy
1780952072.173,0.02661,0.0189,buy
1780952072.173,0.02661,0.008,buy
1780952089.213,0.02662,0.0088,buy
1780952092.257,0.02662,0.5233,buy
1780952169.902,0.02661,0.4,sell
1780952171.232,0.02662,0.9719,buy
1780952171.792,0.02662,0.87,buy
1780952181.696,0.02661,0.2477,sell
1780952212.868,0.02661,0.0122,sell
1780952302.229,0.02661,0.0383,sell
1780952302.524,0.02661,0.014,sell
1780952302.524,0.02661,0.0002,sell
1780952327.669,0.02661,0.0239,buy
1780952330.51,0.02661,2.486,buy
1780952332.963,0.0266,0.0599,sell
1780952334.841,0.02661,0.0202,buy
1780952393.246,0.02661,0.0525,buy
1780952429.963,0.02662,0.032,buy
1780952429.994,0.02663,0.024,buy
1780952432.258,0.02662,0.11,sell
1780952520.34,0.02662,0.0565,sell
1780952530.32,0.02662,0.0651,buy
1780952530.322,0.02663,0.4,buy
1780952535.36,0.02663,0.032,buy
1780952535.371,0.02664,2.4252,buy
1780952535.383,0.02664,0.0541,buy
1780952542.027,0.02665,0.0591,buy
1780952550.917,0.02665,0.9477,buy
1780952551.234,0.02665,0.016,buy
1780952551.299,0.02665,0.016,buy
1780952551.336,0.02665,0.0374,sell
1780952551.55,0.02665,3.0055,sell
1780952552.234,0.02666,1.3543,buy
1780952552.239,0.02666,0.012,buy
1780952552.243,0.02666,0.016,buy
1780952556.869,0.02666,0.0052,sell
1780952561.875,0.02666,0.0153,sell
1780952562.44,0.02666,0.0235,sell
1780952562.674,0.02665,0.059,sell
1780952564.286,0.02665,0.0651,sell
1780952565.468,0.02665,0.1136,sell
1780952584.957,0.02665,1.7064,sell
1780952615.032,0.02666,0.1524,buy
1780952629.459,0.02667,0.4149,buy
1780952629.499,0.02667,0.0374,sell
1780952629.58,0.02668,0.3721,buy
1780952629.614,0.02667,0.0183,sell
1780952629.626,0.02668,0.0101,buy
1780952629.633,0.02668,1.7694,buy
1780952629.64,0.02668,0.5134,buy
1780952640.467,0.02667,0.0589,sell
1780952648.527,0.02667,1.1526,sell
1780952648.527,0.02667,0.1751,sell
1780952660.706,0.02667,0.0089,buy
1780952661.29,0.02667,0.059,buy
1780952673.45,0.02667,0.0298,buy
1780952681.363,0.02668,0.0505,buy
1780952681.368,0.02668,0.1308,buy
1780952681.404,0.02668,0.1603,buy
1780952681.411,0.02668,0.0389,buy
1780952681.455,0.02668,0.5213,buy
1780952681.455,0.02668,2.486,buy
1780952681.455,0.02668,1.32,buy
1780952681.456,0.02668,1.834,buy
1780952685.846,0.02669,2.7927,buy
1780952685.852,0.0267,0.4,buy
1780952685.852,0.0267,0.1123,buy
1780952685.859,0.0267,8.2887,buy
1780952685.896,0.0267,1.4715,buy
1780952685.896,0.0267,4.9697,buy
1780952685.897,0.0267,1.3172,buy
1780952686.008,0.02671,0.2205,buy
1780952686.008,0.02671,0.2025,buy
1780952686.008,0.02671,8.8215,buy
1780952686.038,0.0267,0.0589,sell
1780952686.048,0.02671,1.6329,buy
1780952686.048,0.02672,5.4671,buy
1780952686.07,0.02671,0.0161,sell
1780952686.185,0.02671,1.32,sell
1780952686.201,0.02671,1.7046,sell
1780952686.23,0.0267,0.0072,sell
1780952686.241,0.0267,0.0374,sell
1780952686.248,0.0267,0.4,sell
1780952687.13,0.0267,0.0047,sell
1780952688.713,0.02671,0.0067,buy
1780952689.136,0.0267,0.0391,sell
1780952690.394,0.0267,3.943,sell
1780952690.397,0.0267,1.7767,sell
1780952691.006,0.02669,0.1895,sell
1780952694.65,0.02669,0.2948,sell
1780952695.94,0.0267,0.0123,buy
1780952696.592,0.02669,0.0265,sell
1780952699.679,0.02669,0.2949,sell
1780952705.213,0.02669,0.2949,sell
1780952709.87,0.02669,0.2949,sell
1780952722.173,0.02669,0.2948,sell
1780952728.026,0.02669,0.2949,sell
1780952734.336,0.02669,0.2948,sell
1780952758.033,0.02669,0.0052,sell
1780952773.905,0.0267,0.0059,buy
1780952790.537,0.0267,0.1589,buy
1780952790.544,0.0267,0.008,buy
1780952790.551,0.0267,0.9419,buy
1780952790.559,0.0267,0.1996,buy
1780952790.566,0.0267,0.4719,buy
1780952790.568,0.0267,0.2023,buy
1780952834.702,0.02671,0.025,buy
1780952834.983,0.02671,0.1668,buy
1780952838.697,0.02671,0.0686,buy
1780952838.697,0.02671,0.004,buy
1780952838.702,0.02672,2.25,buy
1780952838.705,0.02672,0.1156,buy
1780952838.706,0.02672,0.2952,buy
1780952838.714,0.02672,2.862,buy
1780952838.714,0.02672,0.2375,buy
1780952838.716,0.02672,5.6488,buy
1780952838.718,0.02672,0.2933,buy
1780952838.72,0.02672,1.2492,buy
1780952838.768,0.02673,0.0208,buy
1780952838.768,0.02673,0.3118,buy
1780952838.866,0.02673,5.296,buy
1780952838.929,0.02673,8.8789,buy
1780952838.934,0.02672,0.0187,sell
1780952839.031,0.02672,2.4356,sell
1780952839.049,0.02673,0.0548,buy
1780952839.049,0.02674,2.4302,buy
1780952839.072,0.02673,0.0176,sell
1780952840.051,0.02674,0.1798,buy
1780952840.746,0.02674,1.1126,buy
1780952840.884,0.02675,0.0439,buy
1780952840.884,0.02675,1.0696,buy
1780952841.079,0.02675,5.296,sell
1780952841.081,0.02675,2.486,sell
1780952841.081,0.02675,0.66,sell
1780952841.081,0.02675,2.648,sell
1780952841.281,0.02675,0.0444,sell
1780952841.303,0.02674,0.0556,sell
1780952841.502,0.02675,0.0042,buy
1780952841.756,0.02674,0.0849,sell
1780952841.78,0.02675,1.2,buy
1780952841.786,0.02675,1.6044,buy
1780952842.511,0.02674,0.093,sell
1780952843.529,0.02675,0.0244,buy
1780952843.529,0.02675,0.004,buy
1780952845.628,0.02675,0.2946,sell
1780952847.698,0.02676,0.4,buy
1780952849.339,0.02676,2.2597,buy
1780952849.51,0.02676,0.0176,sell
1780952850.506,0.02676,0.0052,sell
1780952852.36,0.02676,0.3466,sell
1780952853.097,0.02675,0.0678,sell
1780952853.221,0.02675,0.2944,sell
1780952856.163,0.02675,0.028,sell
1780952856.163,0.02674,0.0284,sell
1780952857.683,0.02674,0.2943,sell
1780952858.582,0.02675,0.0301,buy
1780952858.583,0.02675,5.9416,buy
1780952858.586,0.02675,0.1158,buy
1780952858.587,0.02675,0.1337,buy
1780952858.588,0.02675,0.2223,buy
1780952858.592,0.02676,0.4,buy
1780952858.769,0.02676,0.0694,buy
1780952859.851,0.02676,0.0587,sell
1780952861.789,0.02676,0.054,sell
1780952861.789,0.02675,0.0047,sell
1780952862.818,0.02675,0.2944,sell
1780952863.633,0.02675,0.0587,sell
1780952866.308,0.02676,0.257,buy
1780952866.309,0.02676,0.339,buy
1780952866.309,0.02676,0.108,buy
1780952866.31,0.02676,0.011,buy
1780952866.31,0.02676,0.484,buy
1780952866.31,0.02676,0.5748,buy
1780952866.31,0.02676,1.1957,buy
1780952866.31,0.02676,1.7545,buy
1780952866.352,0.02677,0.483,buy
1780952866.393,0.02677,0.6436,buy
1780952866.411,0.02677,0.0472,buy
1780952866.415,0.02677,0.0472,buy
1780952866.417,0.02677,1.266,buy
1780952866.417,0.02677,6.2949,buy
1780952866.417,0.02677,0.057,buy
1780952866.418,0.02677,0.008,buy
1780952866.418,0.02677,0.017,buy
1780952866.419,0.02677,0.049,buy
1780952866.419,0.02677,0.9119,buy
1780952866.421,0.02678,0.07,buy
1780952866.421,0.02678,0.2,buy
1780952866.435,0.02678,0.5862,buy
1780952866.443,0.02678,0.13,buy
1780952866.46,0.02678,0.5862,buy
1780952866.481,0.02677,0.0185,sell
1780952866.499,0.02678,0.96,buy
1780952866.529,0.02678,0.0144,buy
1780952866.53,0.02678,0.0096,buy
1780952866.53,0.02678,0.0144,buy
1780952866.531,0.02678,0.5862,buy
1780952866.532,0.02678,0.0095,buy
1780952866.532,0.02678,0.0095,buy
1780952866.532,0.02678,0.0095,buy
1780952866.534,0.02678,0.0849,buy
1780952866.548,0.02678,0.0096,buy
1780952866.561,0.02678,0.0104,buy
1780952866.892,0.02678,0.0161,sell
1780952866.893,0.02678,0.0183,sell
1780952867.345,0.02679,1.2735,buy
1780952867.473,0.02679,0.4604,sell
1780952867.817,0.02679,0.2942,sell
1780952868.145,0.02679,2.6483,sell
1780952868.147,0.02679,2.648,sell
1780952868.147,0.02679,2.486,sell
1780952868.149,0.02679,2.648,sell
1780952868.15,0.02679,0.7853,sell
1780952868.385,0.02679,0.024,buy
1780952869.249,0.02679,0.0618,sell
1780952869.524,0.02679,0.0185,sell
1780952869.931,0.02679,0.0618,sell
1780952870.072,0.02679,1.7545,sell
1780952870.072,0.02679,2.25,sell
1780952870.122,0.02679,0.0586,sell
1780952870.178,0.02679,0.028,sell
1780952876.641,0.02678,0.0152,sell
1780952880.377,0.02679,0.032,buy
1780952880.414,0.02679,0.0185,sell
1780952881.364,0.02679,0.042,sell
1780952881.367,0.02679,0.0443,sell
1780952882.087,0.02678,2.486,sell
1780952882.088,0.02678,3.7226,sell
1780952882.092,0.02678,0.6295,sell
1780952882.098,0.02678,1.0709,sell
1780952883.702,0.02677,0.0592,sell
1780952884.609,0.02678,0.0616,buy
1780952884.802,0.02678,0.0586,sell
1780952886.03,0.02679,0.0062,buy
1780952893.655,0.02678,0.0502,sell
1780952893.655,0.02677,0.3498,sell
1780952895.104,0.02678,0.012,buy
1780952896.604,0.02679,0.0059,buy
1780952899.899,0.02678,0.012,sell
1780952900.767,0.02678,0.008,sell
1780952927.061,0.02678,0.126,buy
1780952927.061,0.02679,0.1671,buy
1780952927.143,0.02679,1.1459,buy
1780952927.174,0.02679,0.0115,buy
1780952934.062,0.02678,1.1243,sell
1780952936.005,0.02678,0.0418,sell
1780952938.088,0.02678,0.306,buy
1780952954.399,0.02678,0.4869,buy
1780952955.146,0.02679,0.0866,buy
1780952955.239,0.0268,3.7141,buy
1780952955.239,0.0268,2.486,buy
1780952955.241,0.0268,0.4713,buy
1780952955.25,0.0268,2.2661,buy
1780952958.629,0.0268,0.012,sell
1780952958.629,0.02679,0.047,sell
1780952960.411,0.02679,0.0099,sell
1780952961.461,0.0268,0.024,buy
1780952961.468,0.0268,0.016,buy
1780952961.849,0.02681,2.7058,buy
1780952961.89,0.02681,0.0371,sell
1780952969.583,0.02681,2.486,sell
1780952970.025,0.02682,0.085,buy
1780952970.027,0.02682,0.4,buy
1780952970.027,0.02682,0.445,buy
1780952970.033,0.02682,0.7417,buy
1780952970.061,0.02683,1.5916,buy
1780952970.101,0.02684,0.0514,buy
1780952970.165,0.02684,7.4634,buy
1780952970.232,0.02685,0.3622,buy
1780952970.24,0.02684,0.0072,sell
1780952970.255,0.02685,0.1755,buy
1780952970.256,0.02685,9.44,buy
1780952970.282,0.02685,1.57,buy
1780952970.283,0.02685,2.415,buy
1780952970.385,0.02685,1.87,buy
1780952970.409,0.02685,2.415,buy
1780952970.426,0.02685,8.7566,buy
1780952970.427,0.02685,0.3452,buy
1780952970.528,0.02685,0.0371,sell
1780952970.681,0.02685,0.0959,sell
1780952970.688,0.02685,0.0038,sell
1780952970.729,0.02685,0.0161,sell
1780952970.821,0.02685,0.0141,sell
1780952971.378,0.02685,0.2189,sell
1780952971.581,0.02685,0.0047,sell
1780952971.591,0.02685,0.0047,sell
1780952971.939,0.02685,0.0303,sell
1780952972.251,0.02685,0.0576,sell
1780952973.021,0.02684,0.032,sell
1780952974.242,0.02683,0.1873,sell
1780952974.852,0.02683,0.0503,sell
1780952976.666,0.02683,0.041,sell
1780952976.666,0.02682,0.0301,sell
1780952977.877,0.02682,0.0584,sell
1780952978.161,0.02682,0.1206,sell
1780952980.076,0.02682,0.0585,sell
1780952980.348,0.02683,0.5106,buy
1780952980.387,0.02684,0.5714,buy
1780952981.711,0.02684,0.0621,sell
1780952986.963,0.02684,0.024,buy
1780952986.975,0.02684,0.016,buy
1780952986.986,0.02684,0.016,buy
1780952986.989,0.02684,0.02,buy
1780952989.244,0.02684,0.0584,sell
1780952991.495,0.02684,0.0482,sell
1780952993.233,0.02685,0.1543,buy
1780952993.281,0.02685,0.0371,sell
1780952993.35,0.02686,0.4895,buy
1780952993.527,0.02686,0.0117,sell
1780952994.243,0.02686,0.0073,sell
1780952998.12,0.02686,0.0052,sell
1780953001.607,0.02686,0.0584,sell
1780953009.606,0.02686,0.0237,sell
1780953012.958,0.02686,0.0505,sell
1780953013.602,0.02685,0.0502,sell
1780953013.673,0.02686,0.0214,buy
1780953014.105,0.02686,0.02,buy
1780953014.11,0.02686,0.016,buy
1780953014.111,0.02686,0.004,buy
1780953014.114,0.02687,0.016,buy
1780953024.199,0.02686,0.0074,sell
1780953030.298,0.02686,0.048,sell
1780953030.34,0.02686,0.037,sell
1780953030.348,0.02685,10.9278,sell
1780953031.216,0.02685,0.0361,buy
1780953033.329,0.02684,0.3769,sell
1780953035.186,0.02684,1.8946,sell
1780953046.736,0.02684,0.0277,sell
1780953046.931,0.02684,0.0203,sell
1780953049.11,0.02683,0.0065,sell
1780953050.601,0.02684,4.76,buy
1780953053.312,0.02683,0.0046,sell
1780953082.566,0.02683,0.0536,sell
1780953121.61,0.02683,0.028,sell
1780953131.506,0.02683,1.0377,buy
1780953134.096,0.02683,0.52,buy
1780953136.794,0.02683,0.0102,buy
1780953137.59,0.02683,0.0118,buy
1780953141.507,0.02683,0.0243,buy
1780953144.13,0.02682,0.0112,sell
1780953145.501,0.02683,3.7274,buy
1780953160.649,0.02684,0.0085,buy
1780953167.311,0.02683,0.0657,sell
1780953171.114,0.02684,0.011,buy
1780953171.39,0.02683,0.1239,sell
1780953174.844,0.02683,0.2935,sell
1780953180.015,0.02683,0.2935,sell
1780953184.902,0.02683,0.2935,sell
1780953187.651,0.02683,0.2935,sell
1780953193.3,0.02683,0.2935,sell
1780953195.456,0.02684,0.0459,buy
1780953197.064,0.02684,0.5,sell
1780953197.56,0.02684,0.2935,sell
1780953202.656,0.02684,0.2935,sell
1780953224.36,0.02684,2.8012,sell
1780953239.009,0.02683,0.024,sell
1780953239.016,0.02683,0.1688,sell
1780953240.255,0.02683,0.2933,sell
1780953244.527,0.02683,0.2933,sell
1780953250.322,0.02683,0.2933,sell
1780953254.73,0.02683,0.2933,sell
1780953258.851,0.02683,0.2933,sell
1780953264.08,0.02683,0.2933,sell
1780953264.084,0.02683,0.0168,sell
1780953266.182,0.02684,0.0059,buy
1780953268.86,0.02683,0.024,sell
1780953268.86,0.02682,0.2693,sell
1780953272.867,0.02682,0.2933,sell
1780953285.075,0.02683,0.0056,buy
1780953285.14,0.02682,0.4861,sell
1780953298.738,0.02682,0.293,sell
1780953302.906,0.02683,1.8555,buy
1780953302.908,0.02683,0.012,buy
1780953303.606,0.02683,0.293,sell
1780953308.058,0.02683,0.293,sell
1780953312.862,0.02683,0.293,sell
1780953317.289,0.02684,0.0215,buy
1780953317.293,0.02684,0.012,buy
1780953317.527,0.02684,0.293,sell
1780953318.856,0.02685,0.008,buy
1780953318.86,0.02685,0.012,buy
1780953321.018,0.02685,2.0,sell
1780953321.94,0.02685,0.2929,sell
1780953325.279,0.02686,0.0574,buy
1780953325.88,0.02686,0.293,sell
1780953327.215,0.02686,0.0613,sell
1780953329.105,0.02686,2.0,sell
1780953331.172,0.02686,0.02,sell
1780953331.172,0.02685,0.2729,sell
1780953350.638,0.02686,1.174,buy
1780953350.646,0.02686,0.008,buy
1780953350.653,0.02686,0.008,buy
1780953350.66,0.02686,0.008,buy
1780953350.668,0.02686,0.008,buy
1780953350.675,0.02686,0.008,buy
1780953350.682,0.02686,0.008,buy
1780953350.688,0.02686,0.008,buy
1780953350.695,0.02686,0.008,buy
1780953350.702,0.02686,0.008,buy
1780953350.708,0.02686,0.008,buy
1780953350.715,0.02686,0.008,buy
1780953350.722,0.02686,0.008,buy
1780953350.729,0.02686,0.008,buy
1780953350.736,0.02686,0.008,buy
1780953360.774,0.02686,0.2928,sell
1780953364.83,0.02686,0.2927,sell
1780953368.761,0.02686,0.2927,sell
1780953372.836,0.02686,0.2927,sell
1780953376.54,0.02686,0.2926,sell
1780953377.505,0.02687,0.0351,buy
1780953380.324,0.02687,0.0047,buy
1780953380.34,0.02686,0.0457,sell
1780953380.834,0.02686,0.2926,sell
1780953384.499,0.02686,0.2927,sell
1780953388.79,0.02686,0.2927,sell
1780953408.613,0.02687,0.0066,buy
1780953438.504,0.02686,0.2805,sell
1780953438.504,0.02685,0.2195,sell
1780953465.365,0.02685,0.028,sell
1780953481.447,0.02684,0.032,sell
1780953498.264,0.02683,0.024,sell
1780953498.264,0.02683,0.008,sell
1780953498.351,0.02682,0.0223,sell
1780953502.437,0.02682,0.0083,sell
1780953502.853,0.02682,2.486,sell
1780953502.856,0.02682,0.101,sell
1780953502.857,0.02682,0.9823,sell
1780953502.859,0.02682,0.04,sell
1780953502.86,0.02682,0.5397,sell
1780953502.872,0.02681,0.4,sell
1780953503.071,0.02681,4.388,sell
1780953505.866,0.02681,0.0712,sell
1780953510.354,0.02681,0.0441,buy
1780953531.719,0.0268,0.1688,sell
1780953572.602,0.02681,0.0896,buy
1780953595.581,0.02681,1.2235,buy
1780953598.781,0.02682,0.012,buy
1780953600.402,0.02683,0.012,buy
1780953608.436,0.02683,4.5877,sell
1780953608.45,0.02683,0.008,sell
1780953610.494,0.02683,0.012,buy
1780953616.029,0.02683,0.016,sell
1780953616.032,0.02683,0.008,sell
1780953627.52,0.02683,0.012,buy
1780953629.295,0.02684,0.0585,buy
1780953634.325,0.02684,0.012,buy
1780953634.325,0.02685,0.0319,buy
1780953634.874,0.02685,0.0059,buy
1780953637.437,0.02684,0.02,sell
1780953637.437,0.02683,0.01,sell
1780953654.119,0.02684,0.0067,buy
1780953668.333,0.02683,0.032,sell
1780953673.398,0.02683,0.071,buy
1780953674.94,0.02683,0.012,buy
1780953674.94,0.02684,0.8912,buy
1780953687.691,0.02684,0.6103,buy
1780953697.881,0.02683,0.0091,sell
1780953730.119,0.02683,0.016,sell
1780953741.203,0.02683,0.0194,buy
1780953744.781,0.02683,1.1136,buy
1780953744.783,0.02683,0.012,buy
1780953758.828,0.02684,0.012,buy
1780953787.968,0.02684,0.02,sell
1780953818.472,0.02683,0.0663,sell
